	HU_017	HU_034	HU_078	HU_091	HU_093	HU_099	HU_130	HU_134	HU_138
HMDB01101	30689	52217	229568	4763576	3878773	976436	608298	1605075	72021
HMDB10348	47259	60885	168264	176500	76457	610110	279156	524468	451573
HMDB59717	357351	301983	1028110	1530493	270027	1378535	808334	1132813	871209
HMDB13189	2644620	1661412	2755434	593863	837865	3526136	1608814	3446611	1941527
HMDB00299	250551	456162	808657	614370	250403	768004	504108	1014041	1362408
HMDB00191	560002	575790	785428	645785	591569	960658	639437	1092885	1409045
HMDB01032	2569205	1604999	26222916	257139	675754	59906109	31151730	18648127	14989438
HMDB00251	368600	94936	293988	352855	767894	268331	310918	1248919	577184
